,Titre,Version,Ann?e,Kilom?trage,Prix,Type,Cote,Sup?rieur ? l'argus
0,Zoe 40 bleu foudre my2017,Mod?le non renseign?,2017,20000,15900,Particulier,None,False
1,RENAULT ZOE INTENS Charge rapide Ann?e 2015 Cam?ra,Intens,2015,15254,10990,Professionnel,11835,False
2,Renault Zoe Life charge rapide,Life,2014,28537,7900,Professionnel,10757,True
3,RENAULT ZOE LIFE GPS Clim auto Radar Tr?s bel ?tat,Life,2013,8751,8990,Professionnel,8418,True
4,Renault Zo? Life 2014,Life,2014,29000,9700,Particulier,10757,True
5,Nouvelle Renault Zo? intens blanche 400 km,Intens,2017,4000,16800,Particulier,15150,True
6,Renault Zoe LIFE,Life,2017,240,13990,Professionnel,12173,True
7,Renault Zoe LIFE,Life,2015,7248,10690,Professionnel,12218,False
8,Renault Zoe LIFE CHARGE RAPIDE,Life,2015,11480,10300,Professionnel,12218,False
9,Renault Zo? Type 2 Charge Rapide 2016,Life,2016,5700,8900,Particulier,13728,True
10,Renault Zoe Intens charge rapide,Intens,2014,34121,10790,Professionnel,11526,False
11,Renault Zoe Intens charge rapide,Intens,2015,9474,10980,Professionnel,11835,False
12,Renault Zoe Life charge rapide,Life,2014,10207,10290,Professionnel,10757,False
13,Renault Zoe Life charge normale Type 2,Life,2016,9087,10480,Professionnel,13728,False
14,Renault Zoe Life Type 2,Life,2016,2000,10890,Professionnel,13728,False
15,Superbe renault zoe zen charge rapide 1ere main,Zen,2013,17900,9490,Professionnel,9070,True
16,Renault Zoe ZEN,Zen,2014,24147,10100,Professionnel,11620,False
17,Renault Zo? Life 5P 27.500 km 11/2013,Life,2013,27500,7800,Particulier,8418,False
18,Renault Zoe Intens,Intens,2015,21120,10880,Professionnel,11835,False
19,Renault ZOE Intens Blanc Nacr?,Intens,2013,24000,10300,Particulier,9782,False
20,"Renault Zoe Intens Blanc Nacr? Jantes 17""",Intens,2013,39500,8900,Particulier,9782,False
21,Renault Zoe Life charge normale Type 2,Life,2015,7079,10890,Professionnel,12218,False
22,Renault Zoe ZEN CHARGE RAPIDE,Zen,2013,23660,9200,Professionnel,9070,True
23,Zoe,Zen,2013,19900,9100,Particulier,9070,True
24,Renault zo? intens toutes options 88cv,Intens,2014,49000,8990,Particulier,11526,True
25,ZOE INTENS CHARGE RAPIDE 2700 KM 12/2014 1ere MAIN,Mod?le non renseign?,2014,2700,10490,Professionnel,None,False
26,Renault Zoe Life,Life,2014,7039,9500,Professionnel,10757,True
27,Renault Zoe Life,Life,2014,25257,8980,Professionnel,10757,True
28,Renault Zoe Life,Life,2013,13484,8500,Professionnel,8418,True
29,Renault Zoe INTENS,Intens,2013,32671,9800,Professionnel,9782,True
30,Zo? Zen charge rapide,Zen,2013,47000,8300,Particulier,9070,False
31,Renault Zoe Zen Gamme 2017,Zen,2017,6500,18500,Professionnel,12325,True
32,Zoe Intens,Intens,2013,29500,7950,Particulier,9782,False
33,Renault Zoe Zen,Zen,2013,31250,8480,Professionnel,9070,False
34,Renault Zoe Life,Life,2013,31451,7990,Professionnel,8418,False
35,Zoe 40 bleu foudre my2017,Mod?le non renseign?,2017,20000,15900,Particulier,None,False
36,RENAULT ZOE INTENS Charge rapide Ann?e 2015 Cam?ra,Intens,2015,15254,10990,Professionnel,11270,False
37,Renault Zoe Life charge rapide,Life,2014,28537,7900,Professionnel,10757,True
38,RENAULT ZOE LIFE GPS Clim auto Radar Tr?s bel ?tat,Life,2013,8751,8990,Professionnel,8418,True
39,Renault Zo? Life 2014,Life,2014,29000,9700,Particulier,10757,True
40,Nouvelle Renault Zo? intens blanche 400 km,Intens,2017,4000,16800,Particulier,13770,True
41,Renault Zoe LIFE,Life,2017,240,13990,Professionnel,13090,True
42,Renault Zoe LIFE,Life,2015,7248,10690,Professionnel,10720,False
43,Renault Zoe LIFE CHARGE RAPIDE,Life,2015,11480,10300,Professionnel,12218,False
44,Renault Zo? Type 2 Charge Rapide 2016,Life,2016,5700,8900,Particulier,11840,True
45,Renault Zoe Intens charge rapide,Intens,2014,34121,10790,Professionnel,10200,True
46,Renault Zoe Intens charge rapide,Intens,2015,9474,10980,Professionnel,11270,False
47,Renault Zoe Life charge rapide,Life,2014,10207,10290,Professionnel,10757,False
48,Renault Zoe Life charge normale Type 2,Life,2016,9087,10480,Professionnel,11840,False
49,Renault Zoe Life Type 2,Life,2016,2000,10890,Professionnel,11840,False
50,Superbe renault zoe zen charge rapide 1ere main,Zen,2013,17900,9490,Professionnel,9070,True
51,Renault Zoe ZEN,Zen,2014,24147,10100,Professionnel,11620,False
52,Renault Zo? Life 5P 27.500 km 11/2013,Life,2013,27500,7800,Particulier,8418,False
53,Renault Zoe Intens,Intens,2015,21120,10880,Professionnel,11835,False
54,Renault ZOE Intens Blanc Nacr?,Intens,2013,24000,10300,Particulier,9782,False
55,"Renault Zoe Intens Blanc Nacr? Jantes 17""",Intens,2013,39500,8900,Particulier,9782,False
56,Renault Zoe Life charge normale Type 2,Life,2015,7079,10890,Professionnel,12218,False
57,Renault Zoe ZEN CHARGE RAPIDE,Zen,2013,23660,9200,Professionnel,9070,True
58,Zoe,Zen,2013,19900,9100,Particulier,9070,True
59,Renault zo? intens toutes options 88cv,Intens,2014,49000,8990,Particulier,11526,True
60,ZOE INTENS CHARGE RAPIDE 2700 KM 12/2014 1ere MAIN,Mod?le non renseign?,2014,2700,10490,Professionnel,None,False
61,Renault Zoe Life,Life,2014,7039,9500,Professionnel,10757,True
62,Renault Zoe Life,Life,2014,25257,8980,Professionnel,10757,True
63,Renault Zoe Life,Life,2013,13484,8500,Professionnel,8418,True
64,Renault Zoe INTENS,Intens,2013,32671,9800,Professionnel,9782,True
65,Zo? Zen charge rapide,Zen,2013,47000,8300,Particulier,9070,False
66,Renault Zoe Zen Gamme 2017,Zen,2017,6500,18500,Professionnel,12325,True
67,Zoe Intens,Intens,2013,29500,7950,Particulier,9782,False
68,Renault Zoe Zen,Zen,2013,31250,8480,Professionnel,9070,False
69,Renault Zoe Life,Life,2013,31451,7990,Professionnel,8418,False
70,Renault Zoe LIFE CHARGE RAPIDE,Life,2013,70896,6790,Professionnel,8418,False
71,Renault Zoe Life charge normale Type 2,Life,2016,6667,10890,Professionnel,13728,False
72,Renault Zoe Zen Gamme 2017,Zen,2017,500,16390,Professionnel,12325,True
73,Renault zoe,Zen,2013,55300,8000,Particulier,9070,False
74,Renault Zoe Life charge normale Type 2,Life,2015,17940,9900,Professionnel,12218,True
75,Renault Zoe ZEN,Zen,2015,3100,11590,Professionnel,13189,False
76,Renault Zoe INTENS,Intens,2015,40095,10700,Professionnel,11835,False
77,Renault Zoe ZEN CHARGE RAPIDE,Zen,2013,81404,8700,Professionnel,9070,False
78,Zoe zen charge rapide,Mod?le non renseign?,2015,11900,9000,Particulier,None,False
79,Renault Zoe INTENS CHARGE RAPIDE,Intens,2014,18815,10900,Professionnel,11526,False
80,Renault Zoe INTENS CHARGE RAPIDE,Intens,2015,10014,11500,Professionnel,11835,False
81,Renault Zoe Intens Gamme 2017,Intens,2017,1,17790,Professionnel,15150,True
82,Renault Zoe ZEN,Zen,2014,8184,10990,Professionnel,11620,False
83,Renault Zoe Intens Gamme 2017,Intens,2017,1,17790,Professionnel,15150,True
84,Renault Zoe Intens Gamme 2017,Intens,2017,1,17490,Professionnel,15150,True
85,Renault Zoe Intens Gamme 2017,Intens,2017,1,17790,Professionnel,15150,True
86,Renault Zoe Intens Gamme 2017,Intens,2017,1,17790,Professionnel,15150,True
87,Renault Zoe Intens Gamme 2017,Intens,2017,1,17790,Professionnel,15150,True
88,Renault Zoe Intens Gamme 2017,Intens,2017,1,17490,Professionnel,15150,True
89,Renault Zoe Intens Gamme 2017,Intens,2017,1,17790,Professionnel,15150,True
90,Renault Zoe Intens Gamme 2017,Intens,2017,1,17790,Professionnel,15150,True
91,Renault Zoe ZEN,Zen,2013,19186,8790,Professionnel,9070,False
92,Renault Zoe Intens Gamme 2017,Intens,2017,1,17790,Professionnel,15150,True
93,Renault Zoe Intens Gamme 2017,Intens,2017,1,17790,Professionnel,15150,True
94,Renault Zoe Intens Gamme 2017,Intens,2017,1,17790,Professionnel,15150,True
95,Renault Zoe INTENS,Intens,2015,19756,11990,Professionnel,11835,True
96,Renault Zoe Zen,Zen,2016,100,13900,Professionnel,12988,True
97,Renault Zoe Intens type 2 2015 20000 km,Intens,2015,20000,10450,Particulier,11835,False
98,Renault Zoe Zen,Zen,2013,49299,9980,Professionnel,9070,True
99,Renault Zoe LIFE,Life,2014,2759,9490,Professionnel,10757,True
100,Renault Zoe INTENS,Intens,2016,6130,12990,Professionnel,14085,False
101,Renault Zoe Zen,Zen,2016,100,13900,Professionnel,12988,True
102,Nouvelle ZOE Zen,Zen,2017,7400,16800,Particulier,12325,True
103,Renault Zoe Life,Life,2014,33853,9980,Professionnel,10757,True
104,Renault Zoe ZEN MB 8,Zen,2016,100,10390,Professionnel,12988,False
105,Renault Zoe ZEN MB 8,Zen,2016,100,11690,Professionnel,12988,False
106,Renault Zoe ZEN MB 8,Zen,2016,100,11390,Professionnel,12250,False
107,Renault Zoe LIFE,Life,2014,27582,9600,Professionnel,10757,True
108,Renault Zoe INTENS CHARGE RAPIDE,Intens,2014,15888,10990,Professionnel,10200,True
109,Vehicule Renault Zoe Zen Mod?le 2017,Mod?le non renseign?,2017,17800,15000,Particulier,None,False
110,Renault Zoe Life charge rapide,Life,2015,19438,9500,Professionnel,10720,True
111,Renault Zoe LIFE,Life,2013,8800,9490,Professionnel,8418,True
112,Renault Zoe ZEN MB 8,Zen,2016,100,11690,Professionnel,12988,False
113,Renault Zoe Life,Life,2014,31872,9600,Professionnel,9690,False
114,Renault Zoe ZEN,Zen,2013,70102,9000,Professionnel,9070,False
115,Renault Zoe LIFE,Life,2014,31425,9100,Professionnel,9690,False
116,Renault Zoe LIFE,Life,2014,32203,9600,Professionnel,10757,True
117,Renault Zoe INT MA 7,Mod?le non renseign?,2014,14497,10990,Professionnel,None,False
118,Renault Zoe ZEN CHARGE RAPIDE,Zen,2014,20359,10400,Professionnel,11620,False
119,Renault Zoe ZEN,Zen,2016,5975,11990,Professionnel,12988,False
120,Renault Zoe ZEN,Zen,2016,5975,11990,Professionnel,12988,False
121,Renault Zoe LIFE,Life,2014,12658,9490,Professionnel,10757,True
122,Renault Zoe LIFE,Life,2014,12658,9490,Professionnel,9690,False
123,Renault Zoe Intens,Intens,2016,10000,14000,Professionnel,12460,True
124,Renault Zoe INTENS,Intens,2015,16134,11500,Professionnel,11835,False
125,Renault Zoe Zen,Zen,2014,36385,10100,Professionnel,10020,True
126,Renault Zoe ZEN MB 8,Zen,2016,100,11390,Professionnel,12988,False
127,Renault Zoe Life charge rapide,Life,2014,21264,8980,Professionnel,10757,True
128,Renault Zoe LIFE,Life,2014,21430,10300,Professionnel,10757,False
129,Renault Zoe ZEN CHARGE RAPIDE,Zen,2015,19157,11700,Professionnel,13189,False
130,Renault Zoe Life,Life,2014,28664,10600,Professionnel,10757,False
131,ZOE Renault 2015,Intens,2015,6000,10990,Particulier,11835,False
132,Renault Zoe Zen Gamme 2017,Zen,2017,1,16480,Professionnel,12325,True
133,Renault Zoe INTENS,Intens,2014,23276,10590,Professionnel,11526,False
134,Renault ZOE Intens - Garantie RENAULT - 1?re main,Mod?le non renseign?,2015,65000,10500,Particulier,None,False
135,Renault Zoe Zen 5P,Zen,2014,29306,10900,Professionnel,11620,False
136,Renault Zoe Zen,Zen,2016,6400,12999,Professionnel,12988,True
137,Renault Zoe Zen,Zen,2016,100,11690,Professionnel,12988,False
138,Renault Zoe Zen charge rapide,Zen,2014,20205,10490,Professionnel,11620,False
139,Renault Zoe Life,Life,2016,1410,13990,Professionnel,13728,True
140,Voiture electrique zoe,Zen,2016,7609,14000,Particulier,12988,True
141,Renault Zoe INTENS CHARGE RAPIDE,Intens,2016,9000,12900,Professionnel,14085,False
142,Renault Zoe Life,Life,2016,7456,10900,Professionnel,13728,False
143,Renault Zoe Intens,Intens,2013,13976,8990,Professionnel,9782,False
144,Renault Zoe Life,Life,2015,18768,9990,Professionnel,12218,True
145,ZOE Ph 1 Intens charge rapide,Intens,2014,31200,9990,Professionnel,11526,True
146,Renault Zoe Life charge rapide Type 2,Life,2016,8184,11390,Professionnel,13728,False
147,Renault Zoe Life,Life,2014,30219,9490,Professionnel,10757,True
148,Renault Zoe Intens charge normale Type 2,Intens,2016,11457,10690,Professionnel,14085,False
149,Zoe Intens - Charge rapide,Intens,2013,41370,8290,Professionnel,9782,False
150,Renault Zoe LIFE,Life,2014,13906,9390,Professionnel,10757,True
151,Renault Zoe Intens,Intens,2015,41642,9990,Professionnel,11835,True
152,Renault Zoe LIFE CHARGE RAPIDE,Life,2015,14351,10490,Professionnel,12218,False
153,Renault Zoe INTENS,Intens,2013,36812,9990,Professionnel,9782,True
154,Renault Zoe Zen,Zen,2014,47822,8990,Professionnel,11620,True
155,Renault Zoe INTENS,Intens,2014,36556,8990,Professionnel,11526,True
156,Renault Zoe LIFE,Life,2014,24890,8880,Professionnel,10757,True
157,Renault Zoe INTENS,Intens,2014,31456,9590,Professionnel,11526,True
158,Renault Zoe INTENS CHARGE RAPIDE,Intens,2015,8109,11990,Professionnel,11835,True
159,Renault Zoe ZEN CHARGE RAPIDE,Zen,2015,7868,11700,Professionnel,13189,False
160,Renault Zoe INTENS CHARGE RAPIDE,Intens,2015,16468,10490,Professionnel,11835,False
161,Renault zoe intens,Intens,2015,14546,11700,Professionnel,11835,False
162,Renault Zoe Intens FAIBLE KM 1 ERE MAIN,Intens,2014,14000,9690,Professionnel,11526,True
163,Renault Zoe ZEN,Zen,2015,17558,11700,Professionnel,13189,False
164,Renault Zoe Life,Life,2016,9446,9490,Professionnel,13728,True
165,Renault Zoe INTENS,Intens,2016,13731,12790,Professionnel,14085,False
166,Zoe life,Life,2016,4500,12900,Professionnel,13728,False
167,Renault zoe intens garantie 3ans,Intens,2015,30000,10000,Professionnel,11835,False
168,Renault zoe zen charge rapide type2,Zen,2015,11480,11700,Professionnel,13189,False
169,Renault Zoe Intens 150 km autonomie,Intens,2016,8800,10900,Particulier,14085,False
170,Renault zoe life charge rapide,Life,2014,37413,9800,Professionnel,10757,True
171,Renault Zoe ZEN Charge Rapide,Zen,2014,23286,9290,Professionnel,11620,True
172,Zoe,Life,2013,60990,8900,Professionnel,8418,True
173,Zoe intens,Intens,2014,28600,9900,Professionnel,11526,True
174,Renault Zoe INTENS,Intens,2014,9222,11490,Professionnel,11526,False
175,Voiture electrique zoe,Zen,2016,7609,14000,Particulier,12988,True
176,Renault Zoe INTENS CHARGE RAPIDE,Intens,2016,9000,12900,Professionnel,14085,False
177,Renault Zoe Life,Life,2016,7456,10900,Professionnel,13728,False
178,Renault Zoe Intens,Intens,2013,13976,8990,Professionnel,9782,False
179,Renault Zoe Life,Life,2015,18768,9990,Professionnel,12218,True
180,ZOE Ph 1 Intens charge rapide,Intens,2014,31200,9990,Professionnel,11526,True
181,Renault Zoe Life charge rapide Type 2,Life,2016,8184,11390,Professionnel,13728,False
182,Renault Zoe Life,Life,2014,30219,9490,Professionnel,10757,True
183,Renault Zoe Intens charge normale Type 2,Intens,2016,11457,10690,Professionnel,14085,False
184,Zoe Intens - Charge rapide,Intens,2013,41370,8290,Professionnel,9782,False
185,Renault Zoe LIFE,Life,2014,13906,9390,Professionnel,10757,True
186,Renault Zoe Intens,Intens,2015,41642,9990,Professionnel,11835,True
187,Renault Zoe LIFE CHARGE RAPIDE,Life,2015,14351,10490,Professionnel,12218,False
188,Renault Zoe INTENS,Intens,2013,36812,9990,Professionnel,9782,True
189,Renault Zoe Zen,Zen,2014,47822,8990,Professionnel,11620,True
190,Renault Zoe INTENS,Intens,2014,36556,8990,Professionnel,11526,True
191,Renault Zoe LIFE,Life,2014,24890,8880,Professionnel,10757,True
192,Renault Zoe INTENS,Intens,2014,31456,9590,Professionnel,11526,True
193,Renault Zoe INTENS CHARGE RAPIDE,Intens,2015,8109,11990,Professionnel,11835,True
194,Renault Zoe ZEN CHARGE RAPIDE,Zen,2015,7868,11700,Professionnel,13189,False
195,Renault Zoe INTENS CHARGE RAPIDE,Intens,2015,16468,10490,Professionnel,11835,False
196,Renault zoe intens,Intens,2015,14546,11700,Professionnel,11835,False
197,Renault Zoe Intens FAIBLE KM 1 ERE MAIN,Intens,2014,14000,9690,Professionnel,11526,True
198,Renault Zoe ZEN,Zen,2015,17558,11700,Professionnel,13189,False
199,Renault Zoe Life,Life,2016,9446,9490,Professionnel,13728,True
200,Renault Zoe INTENS,Intens,2016,13731,12790,Professionnel,14085,False
201,Zoe life,Life,2016,4500,12900,Professionnel,13728,False
202,Renault zoe intens garantie 3ans,Intens,2015,30000,10000,Professionnel,11835,False
203,Renault zoe zen charge rapide type2,Zen,2015,11480,11700,Professionnel,13189,False
204,Renault Zoe Intens 150 km autonomie,Intens,2016,8800,10900,Particulier,14085,False
205,Renault zoe life charge rapide,Life,2014,37413,9800,Professionnel,10757,True
206,Renault Zoe ZEN Charge Rapide,Zen,2014,23286,9290,Professionnel,11620,True
207,Zoe,Life,2013,60990,8900,Professionnel,8418,True
208,Zoe intens,Intens,2014,28600,9900,Professionnel,11526,True
209,Renault Zoe INTENS,Intens,2014,9222,11490,Professionnel,11526,False
210,Zo? ZEN en parfait ?tat,Mod?le non renseign?,2016,15000,10000,Particulier,None,False
211,Renault Zoe Life,Life,2016,9746,11490,Professionnel,13728,False
212,Renault zoe life,Life,2016,21200,9200,Particulier,13728,True
213,ZOE Life 8990?,Life,2014,38049,8990,Professionnel,10757,True
214,Renault Zo? Life pack Easy 2014,Life,2014,46800,7800,Particulier,10757,True
215,Renault Zoe LIFE CHARGE RAPIDE,Life,2014,65387,7490,Professionnel,10757,True
216,Renault Zoe LIFE CHARGE RAPIDE,Life,2015,17500,9450,Professionnel,12218,True
217,Zoe zen,Zen,2014,27545,9990,Professionnel,11620,True
218,ZOE - 11 000 km-Excellent ?tat,Life,2016,11000,9300,Particulier,13728,True
219,Renault Zoe ZEN,Zen,2015,17527,9990,Professionnel,13189,True
220,Renault Zoe LIFE CHARGE RAPIDE,Life,2015,17076,9950,Professionnel,12218,True
221,Renault Zoe Intens Charge Rapide,Intens,2015,10132,12000,Professionnel,11835,True
222,Renault Zoe Zen,Zen,2014,35858,10100,Professionnel,11620,False
223,Renault Zoe LIFE,Life,2014,46385,8990,Professionnel,10757,True
224,Renault Zo? life,Life,2014,48000,9500,Particulier,10757,True
225,Renault Zoe LIFE,Life,2014,42351,7950,Professionnel,10757,True
226,Renault Zoe Zen,Zen,2013,38077,9500,Professionnel,9070,True
227,Renault zoe zen,Zen,2013,49000,8000,Particulier,9070,False
228,Renault Zoe Life Charge Rapide Life Charge Rapide,Life,2016,20300,10995,Professionnel,13728,False
229,Renault Zoe Zen charge rapide,Zen,2015,6600,10990,Professionnel,13189,False
230,Renault zoe,Life,2014,55000,9490,Professionnel,10757,True
231,Renault Zoe LIFE CHARGE RAPIDE,Life,2015,48957,9290,Professionnel,12218,True
232,Renault Zoe Life type 2,Life,2016,3000,13300,Professionnel,13728,False
233,Renault Zoe LIFE,Life,2016,4619,11990,Professionnel,13728,False
234,Renault Zoe ZEN,Zen,2014,15143,8990,Professionnel,11620,True
235,Renault Zoe LIFE,Life,2014,24088,8690,Professionnel,10757,True
236,Renault Zoe LIFE,Life,2014,34301,8490,Professionnel,10757,True
237,Renault Zoe LIFE,Life,2014,10690,8990,Professionnel,10757,True
238,Renault Zoe INTENS,Intens,2014,37441,9490,Professionnel,11526,True
239,Renault Zoe LIFE,Life,2016,7701,10500,Professionnel,13728,False
240,Renault Zoe INTENS,Intens,2015,16370,9950,Professionnel,11835,True
241,Renault Zoe ZEN,Zen,2014,9094,8990,Professionnel,11620,True
242,Renault Zo? Life - 02/2017 - ?tat Neuve - Type2,Mod?le non renseign?,2017,9000,15000,Particulier,None,False
243,Zoe intense toutes options ,Intens,2013,29500,8500,Particulier,9782,False
244,Renault Zoe Intens,Intens,2014,42836,10590,Professionnel,11526,False
245,Zo? ZEN en parfait ?tat,Mod?le non renseign?,2016,15000,10000,Particulier,None,False
246,Renault Zoe Life,Life,2016,9746,11490,Professionnel,13728,False
247,Renault zoe life,Life,2016,21200,9200,Particulier,13728,True
248,ZOE Life 8990?,Life,2014,38049,8990,Professionnel,10757,True
249,Renault Zo? Life pack Easy 2014,Life,2014,46800,7800,Particulier,10757,True
250,Renault Zoe LIFE CHARGE RAPIDE,Life,2014,65387,7490,Professionnel,10757,True
251,Renault Zoe LIFE CHARGE RAPIDE,Life,2015,17500,9450,Professionnel,12218,True
252,Zoe zen,Zen,2014,27545,9990,Professionnel,11620,True
253,ZOE - 11 000 km-Excellent ?tat,Life,2016,11000,9300,Particulier,13728,True
254,Renault Zoe ZEN,Zen,2015,17527,9990,Professionnel,13189,True
255,Renault Zoe LIFE CHARGE RAPIDE,Life,2015,17076,9950,Professionnel,12218,True
256,Renault Zoe Intens Charge Rapide,Intens,2015,10132,12000,Professionnel,11835,True
257,Renault Zoe Zen,Zen,2014,35858,10100,Professionnel,11620,False
258,Renault Zoe LIFE,Life,2014,46385,8990,Professionnel,10757,True
259,Renault Zo? life,Life,2014,48000,9500,Particulier,10757,True
260,Renault Zoe LIFE,Life,2014,42351,7950,Professionnel,9690,False
261,Renault Zoe Zen,Zen,2013,38077,9500,Professionnel,9070,True
262,Renault zoe zen,Zen,2013,49000,8000,Particulier,9070,False
263,Renault Zoe Life Charge Rapide Life Charge Rapide,Life,2016,20300,10995,Professionnel,13728,False
264,Renault Zoe Zen charge rapide,Zen,2015,6600,10990,Professionnel,11080,False
265,Renault zoe,Life,2014,55000,9490,Professionnel,9690,False
266,Renault Zoe LIFE CHARGE RAPIDE,Life,2015,48957,9290,Professionnel,10720,True
267,Renault Zoe Life type 2,Life,2016,3000,13300,Professionnel,13728,False
268,Renault Zoe LIFE,Life,2016,4619,11990,Professionnel,13728,False
269,Renault Zoe ZEN,Zen,2014,15143,8990,Professionnel,10020,True
270,Renault Zoe LIFE,Life,2014,24088,8690,Professionnel,10757,True
271,Renault Zoe LIFE,Life,2014,34301,8490,Professionnel,10757,True
272,Renault Zoe LIFE,Life,2014,10690,8990,Professionnel,10757,True
273,Renault Zoe INTENS,Intens,2014,37441,9490,Professionnel,11526,True
274,Renault Zoe LIFE,Life,2016,7701,10500,Professionnel,13728,False
275,Renault Zoe INTENS,Intens,2015,16370,9950,Professionnel,11835,True
276,Renault Zoe ZEN,Zen,2014,9094,8990,Professionnel,11620,True
277,Renault Zo? Life - 02/2017 - ?tat Neuve - Type2,Mod?le non renseign?,2017,9000,15000,Particulier,None,False
278,Zoe intense toutes options ,Intens,2013,29500,8500,Particulier,9782,False
279,Renault Zoe Intens,Intens,2014,42836,10590,Professionnel,11526,False
